name,address,phone,website,rating,reviews,category,place_id,source_query,homepage_text,fetch_status,fetch_error,has_booking,has_contact_form,has_chat_widget,tech_hints
Miami Dental Group of Hialeah,"2011 W 62nd St, Hialeah, FL 33016",(786) 558-8637,https://miamidentalgroup.com/locations/hialeah/,5.0,1190,Dentist,ChIJyzDWvNW72YgRSIZvVqEFU-I,dentists in miami,"Dentist Near Me In Hialeah âą Hialeah Dentist âą Miami Dental Group HOME Our Dentists Services Dental Implants Dentures Cosmetic Dentistry Porcelain Veneers Dental Emergency Teeth Whitening Endodontics Locations Doral Hialeah West Kendall Kendall Current Offers Patient Info Insurance & Financing Testimonials Menu Close HOME Our Dentists Services Dental Implants Dentures Cosmetic Dentistry Porcelain Veneers Dental Emergency Teeth Whitening Endodontics Locations Doral Hialeah West Kendall Kendall Current Offers Patient Info Insurance & Financing Testimonials Contact us Welcome to Miami Dental Group â Your Dentist in Hialeah Your Premier Destination for Comprehensive Dental Care in Hialeah î Call Us (786) 558-8637 ï Hours Mon-Thu 9 AM â 5:30 PM Fri 8:00 AM â 2 PM î Location 2011 W 62nd St, Hialeah, FL 33016 Get Directions Same Day Appointments Please enable JavaScript in your browser to complete this form. Full Name * First Last Email * Phone * Do you have insurance? * Do you have insurance? Yes No How did you hear about us? How did you hear about us Google Social Media Insurance Referral Other What service are you looking? * Dental Emergency Smile Design Cosmetic Dentistry Special Offer Other Submit Explore Premier Dental Care at Miami Dental Group. Your Family Dentist in Hialeah At Miami Dental Group in Hialeah , we take pride in delivering exceptional dental services with a personal touch. Our team of highly skilled dentists, known for being among the top professionals in Hialeah, consistently provides top-tier dental care. Their expertise, coupled with a genuinely friendly approach, has established Miami Dental Group as a trusted name for family dentistry in the Hialeah area. Affordable Treatments Special Offers We offer a range of special offers and discounts for new patients. We want you to feel comfortable and confident in your decision to invest in your dental health. That's why we have a special introductory offer for new patients who are looking for an affordable way to get the smile they deserve! All work covered by our 5 Year Warranty! New Patient Special Only $99 Full Exam (D0150) Basic Cleaning (D1110) Get this offer Clear Invisible Aligners 6 months from $1,595 per arch 12 months from $1,995 per arch Get this offer Teeth WHITENING SPECIAL Home Kit $149 In-office $349 Get this offer Dental Implant From $2,195 Includes Crown Reg Abutment FREE Panoramic & CT-Scan FREE Consultation Bone Graft + $495 Get this offer All on 4 Implants From $269 /Month Screw-In-Hybrid Acrylic FREE Panoramic & CT-Scan FREE Consultation No Hidden Fees Get this offer All on 6 Implants From $349 /Month Snap-on Dentures FREE Panoramic & CT-Scan FREE Consultation No Hidden Fees Get this offer Urgent Dental Care? Visit Miami Dental Group in Hialeah for Immediate Assistance Dental emergencies require prompt and expert attention. At Miami Dental Group in Hialeah , weâre equipped to handle urgent dental needs with utmost care and efficiency. Our Hialeah Dental team of proficient dentists is ready to offer immediate relief and professional care, ensuring your dental emergencies are managed with expertise and compassion. We extend a warm welcome to both new and returning patients, and we strive to accommodate walk-in appointments as scheduling permits, ensuring that you receive the timely dental care you deserve. Same-Day Appointments: Offering same-day services to address urgent dental needs quickly. Immediate Attention for Dental Emergencies: Prompt care for unexpected dental issues such as severe toothaches, broken teeth, or lost fillings. Pain Relief and Treatment: Immediate pain management solutions followed by appropriate treatment to alleviate discomfort. Walk-In Emergency Care: Welcoming walk-in patients for emergency situations, ensuring timely treatment. Treatment for All Ages: Providing emergency dental care for patients of all ages, from children to seniors. Insurance and Payment Assistance: Assistance with insurance claims and offering flex",200.0,,True,True,False,['wordpress']
Dental Design Smile Miami,"7150 W 20th Ave 103 B, Hialeah, FL 33016",(786) 891-8793,https://dentaldesignsmilemiami.com/,5.0,4,Dental clinic,ChIJa91AKsi72YgRdsnp1S451wI,dentists in miami,"Smile Dental Miami | Porcelain Veneers in Miami Skip to content Home Doctors Dr. Wendy Barrionuevo Dr. Farah A. Diaz Smile Design Porcelain Veneers About Our Contact Us Home Doctors Dr. Wendy Barrionuevo Dr. Farah A. Diaz Smile Design Porcelain Veneers About Our Contact Us REQUEST CONSULTATION (786) 859 5555 MON-FRI: 9:00AM-5:30PM Home Doctors Dr. Wendy Barrionuevo Dr. Farah A. Diaz Smile Design Porcelain Veneers About Our Contact Us Home Doctors Dr. Wendy Barrionuevo Dr. Farah A. Diaz Smile Design Porcelain Veneers About Our Contact Us REQUEST CONSULTATION (786) 555 8857 MON-FRI: 9:00AM-5:30PM THE NEW Smile Dental Experience The top destination for natural porcelain veneers in Miami. Porcelain Veneers Special Before & After Our Results THE NEW Smile Dental Experience Smile Design Special Offer Before adn After Our Results make an appointment Name Email Your Phone Message Preferred Language Preferred Language English EspaĂ±ol I Agree to Receive Email, Calls, and SMS Offers. Submit WELCOME TO SMILE DENTAL MIAMI A Fresh Approach to Modern Dentistry At Smile Dental Miami, youâll find a modern cosmetic dental clinic designed for comfort and natural results. Weâre located in Miami and work with our own in-house lab, giving you faster treatments, consistent quality, and some of the best prices in the city. Our focus is simple: personalized care, advanced technology, and smiles that look beautiful and real. About Us PREMIUM COSMETIC DENTAL CARE Natural smile designs Porcelain veneers in just 2 days In-house laboratory Guaranteed results Non-invasive techniques High-quality porcelain materials Porcelain Veneers Weâve designed a complete VIP package just for you. A porcelain smile design is a cosmetic treatment that uses thin porcelain shells to improve the color, shape, and overall look of your teeth. Porcelain vs Resin Why Do We Only Work With Porcelain? We choose porcelain because it looks more natural, lasts much longer, and keeps its color and shine. Resin tends to stain easily and, in many cases, can chip or fall off over time. Smile Design Experts Contact us (786) 477 9551 VIP - Smile in 1 Days $ 9500 Complete oral examination 20 porcelain veneers Deep cleaning if necessary Bridges for Missing Teeth, if necessary. Necessary Crowns Superficial cavities on the preparation area Book Now Offer Full Smile in 2 Days $ 7000 Complete oral examination 20 porcelain veneers Deep cleaning if necessary Bridges for Missing Teeth, if necessary. Necessary Crowns Superficial cavities on the preparation area Book Now Offer Get Your New Smile Today Pay with Flexible Plans Finance Your Porcedure We create smiles One small change can transform everything. At Smile Dental Miami, our goal is to bring together beautiful aesthetics and long-term oral health. A smile design starts with essential dental treatments that keep your mouth healthy, such as deep cleanings, cavity care, and other preventive procedures. These steps protect your investment, make your smile last longer, and ensure everything works the way it should. Additional Cosmetic Services When it comes to rebuilding a healthy smile, the goal is simple: make your teeth look good, feel good, and work the way they should. At Smile Dental Miami, we focus on treatments that strengthen your bite, replace missing teeth, and fix everyday problems so you can enjoy a confident, comfortable smile again. Porcelain Crowns Dental crowns restore strength, shape, and appearance to damaged teeth. They protect the tooth long-term and blend naturally with your smile. Full Arch Implants All-on-4 replaces an entire arch of missing teeth using just four implants. It gives you a fixed, natural-looking smile with strong bite and stability. Tooth Implants Dental implants replace missing teeth with a permanent, natural-feeling solution that looks, functions, and lasts like a real tooth. Why Choose Smile Dental Miami At Smile Dental Miami, we want to offer you the best experience in Miami. Many of our patients travel fr",200.0,,True,True,False,['wordpress']
Miami Dentist & Implants,"3307 W 80th St, Hialeah, FL 33018",(305) 512-3700,https://www.miamidentistry.net/?utm_source=google&utm_medium=organic&utm_campaign=gbp,4.9,314,Dentist,ChIJCydemEW72YgRFWE5zwH87So,dentists in miami,"Dentist Hialeah & Hallandale Beach | Miami Implant Dentistry Home About Us Meet Our Doctors Meet Our Team Services Cosmetic Dentistry Cosmetic Smile Assessment Gum Reconstruction Porcelain Dental Crowns Porcelain Dental Inlays & Onlays Porcelain Dental Veneers Porcelain Fixed Dental Bridges Teeth Whitening Tooth-Colored Dental Fillings General & Family Dentistry Bruxism & Teeth Grinding Treatment Childrenâs Dentistry Dental Anxiety & Fear Management Dentures & Partials Emergency Dental Care Metal-Free Dentistry New Patient Dental Visit Oral Surgery & Tooth Extractions Prosthodontics Root Canal Therapy Sedation Dentistry Sleep Apnea Treatment Smoking Cessation Aid TMJ Treatment Wisdom Teeth Removal Implant Dentistry All-on-4Âź Dental Implants Bone Grafting & Sinus Lift Dental Implants Denture Stabilization Dental Technology Cone Beam Imaging Digital X-Rays OrthopantomographÂź OP300 Maxio Paperless Charting Orthodontics Braces Clear Aligners InvisalignÂź Invisalign TeenÂź Periodontics Bone & Gum Tissue Regeneration Periodontal Maintenance Gum Disease Treatment Pocket Reduction Surgery Ridge Modification Scaling & Root Planing Soft Tissue Grafting Preventive Dentistry At-Home Dental Care Instructions Dental Cleanings & Exams How to Prevent Cavities Surgical Instructions After Dental Implant Surgery After Tooth Extractions Patient Resources Blog Financial Options Patient Forms Promotions & Specials All-on-4Âź Implants Promotion Bone Grafting & Sinus Lift Promotion Bruxism & Teeth Grinding Treatment Promotion Childrenâs Dentistry Promotion Cosmetic Smile Assessment Promotion Dental Extractions Promotion Dental Implants Promotion Denture Stabilization Promotion Dentures & Partials Promotion Emergency Dental Care Promotion Gum Disease Treatment Promotion Gum Reconstruction Promotion InvisalignÂź Promotion Invisalign TeenÂź Promotion LumineersÂź Promotion Metal-Free Dentistry Promotion New Patient Dental Visit Promotion Orthodontics Promotion Porcelain Dental Bridges Promotion Porcelain Dental Crowns Promotion Porcelain Dental Veneers Promotion Root Canal Therapy Promotion Sedation Dentistry Promotion Sleep Apnea Treatment Promotion Teeth Whitening Promotion TMJ Treatment Promotion Tooth-Colored Dental Restorations Promotion Smile Gallery Testimonials Contact Us Hallandale Beach Office Hialeah Office Review Directions Call Us Request an Appointment 3307 W. 80th St., Hialeah, FL 33018 800 SE 4th Ave, Suite 720, Hallandale Beach, FL 33009 Home About Us Meet Our Doctors Meet Our Team Services Cosmetic Dentistry Cosmetic Smile Assessment Gum Reconstruction Porcelain Dental Crowns Porcelain Dental Inlays & Onlays Porcelain Dental Veneers Porcelain Fixed Dental Bridges Teeth Whitening Tooth-Colored Dental Fillings General & Family Dentistry Bruxism & Teeth Grinding Treatment Childrenâs Dentistry Dental Anxiety & Fear Management Dentures & Partials Emergency Dental Care Metal-Free Dentistry New Patient Dental Visit Oral Surgery & Tooth Extractions Prosthodontics Root Canal Therapy Sedation Dentistry Sleep Apnea Treatment Smoking Cessation Aid TMJ Treatment Wisdom Teeth Removal Implant Dentistry All-on-4Âź Dental Implants Bone Grafting & Sinus Lift Dental Implants Denture Stabilization Dental Technology Cone Beam Imaging Digital X-Rays OrthopantomographÂź OP300 Maxio Paperless Charting Orthodontics Braces Clear Aligners InvisalignÂź Invisalign TeenÂź Periodontics Bone & Gum Tissue Regeneration Periodontal Maintenance Gum Disease Treatment Pocket Reduction Surgery Ridge Modification Scaling & Root Planing Soft Tissue Grafting Preventive Dentistry At-Home Dental Care Instructions Dental Cleanings & Exams How to Prevent Cavities Surgical Instructions After Dental Implant Surgery After Tooth Extractions Patient Resources Blog Financial Options Patient Forms Promotions & Specials All-on-4Âź Implants Promotion Bone Grafting & Sinus Lift Promotion Bruxism & Teeth Grinding Treatment Promotion Childrenâs Dentistry Promotion Cosmetic Smile Assessment Promotion Dent",200.0,,True,True,True,['wordpress']
Alfonso Dental Miami,"351 NW 42nd Ave STE 402, Miami, FL 33126",(305) 642-4142,https://alfonsodental305.com/,5.0,1003,Dentist,ChIJOzkeHFu_2YgRSHlh6Ja0stg,dentists in miami,"Dentist Miami | Emergency Dentist Flagami-Alfonso Dental Miami Skip to content ENGLISH | ESPAĂOL Schedule your appointment (305) 642-4142 info@alfonsodental305.com 351 NW 42nd Ave STE 402, Miami, FL 33126 Facebook-f Instagram ENGLISH | ESPAĂOL Schedule your appointment Home Services Preventive dentistry Dental Cleaning (Prophylaxis) Dental Consultation Dental Fillings Dental Emergency Broken & Chipped Tooth Repair Emergency Dentistry Cosmetic dentistry Porcelain Veneers Smile Makeover Teeth Whitening Tooth Bonding Restorative dentistry Bridges Broken Crown Repair Crowns Removable Dentures Dental Implants All-on-X Dental Implants Dental Implants Overdentures Dental Surgery Bone Grafting Dental Extractions Wisdom Teeth Extraction Periodontal treatment Deep Cleaning (Scaling & Root Planing) Periodontal Treatment Periodontics Periomaintenance Teeth Cleaning Root canal treatment Orthodontics Braces Invisalign Invisalign About Us Patient Info Blog Contact Apply With Cherry! Noticia de Practicas de Privacidad Notice of Privacy Practices (786) 885-2558 info@alfonsodental305.com 351 NW 42nd Ave STE 402, Miami Facebook-f Instagram Home Services Preventive dentistry Dental Cleaning (Prophylaxis) Dental Consultation Dental Fillings Dental Emergency Broken & Chipped Tooth Repair Emergency Dentistry Cosmetic dentistry Porcelain Veneers Smile Makeover Teeth Whitening Tooth Bonding Restorative dentistry Bridges Broken Crown Repair Crowns Removable Dentures Dental Implants All-on-X Dental Implants Dental Implants Overdentures Dental Surgery Bone Grafting Dental Extractions Wisdom Teeth Extraction Periodontal treatment Deep Cleaning (Scaling & Root Planing) Periodontal Treatment Periodontics Periomaintenance Teeth Cleaning Root canal treatment Orthodontics Braces Invisalign Invisalign About Us Patient Info Blog Contact Apply With Cherry! Noticia de Practicas de Privacidad Notice of Privacy Practices Home Services Preventive dentistry Dental Cleaning (Prophylaxis) Dental Consultation Dental Fillings Dental Emergency Broken & Chipped Tooth Repair Emergency Dentistry Cosmetic dentistry Porcelain Veneers Smile Makeover Teeth Whitening Tooth Bonding Restorative dentistry Bridges Broken Crown Repair Crowns Removable Dentures Dental Implants All-on-X Dental Implants Dental Implants Overdentures Dental Surgery Bone Grafting Dental Extractions Wisdom Teeth Extraction Periodontal treatment Deep Cleaning (Scaling & Root Planing) Periodontal Treatment Periodontics Periomaintenance Teeth Cleaning Root canal treatment Orthodontics Braces Invisalign Invisalign About Us Patient Info Blog Contact Apply With Cherry! Noticia de Practicas de Privacidad Notice of Privacy Practices Schedule your appointment Welcome to Alfonso Dental See more book an appointment Do you have a dental emergency? Call us (305) 642-4142 Office Hours Monday - Friday 9:00 A.M. - 6:00 P.M. Saturdays - Sundays Closed Book an appointment now Name Phone Email Date Submit Welcome to Alfonso Dental See More Welcome to your Miami Dentist Welcome to Alfonfo Dental Miami, your trusted Dentist in Miami, located in Flagami â Flagler St. We offer a comprehensive range of dental services to meet all your oral health needs. Our services include general dentistry, emergency dentistry, dental implants, cosmetic dentistry, teeth whitening, veneers, crowns and bridges, root canal treatment, periodontal care, and more. Whether youâre seeking routine care or specialized treatments, our experienced team is here to provide the highest quality care in a comfortable and welcoming environment. Visit Alfonfo Dental Miami for a smile you can be proud of! + 1000 Happy clients with our services + 20 Certified Specialists + 10 Years of experience in the market Schedule your appointment Discover your Best Smile with Alfonso Dental Miami! Are you looking for a Dentist in Miami? Here, you can find all the services of aesthetic and preventive dentistry with the highest quality standards. Call us now We are located in Flaga",200.0,,True,True,False,['wordpress']
Life Smile Dental by Dr. Edgar Navarrete,"2438 W 60th St, Hialeah, FL 33016",(305) 558-6832,http://www.lifesmile-dental.com/,4.9,40,Dental clinic,ChIJv7H8pxC72YgRcj3kDSD86Aw,dentists in miami,,,"HTTPSConnectionPool(host='lifesmile-dental.com', port=443): Max retries exceeded with url: / (Caused by SSLError(SSLCertVerificationError(1, '[SSL: CERTIFICATE_VERIFY_FAILED] certificate verify failed: certificate has expired (_ssl.c:1081)')))",False,False,False,[]
Relax and Smile Dental Care,"271 NE 2nd St, Miami, FL 33132",(786) 983-4812,https://www.relaxandsmile.com/?utm_source=GMB&utm_medium=organic&utm_campaign=DevOptimization&utm_content=Website,4.8,869,Dental clinic,ChIJ8WVD9Z622YgRTsE_RcBq1Qk,dentists in miami,"Relax and Smile Dental Care | Trusted Dentist in Downtown Miami Book Online 24/7 | Call for Same-Day Appointments | New Patients Welcome Close â About Location Insurance Services SMile Gallery Patient Rewards App How Did We Do? Follow Us: (786) 998-4212 Call Book now MENU â° MEET YOUR NEW DENTISTS IN MIAMI âïž FL We've built our entire practice around what matters most to you: feeling comfortable, fitting into your busy life, and getting a smile you're excited to show off. Book Now Location RATED 4.9 STARS Download Our App & earn $50 Today Click Here to Join Patient Testimonials Why Miami Loves Relax & Smile Dental Care Kirstie H. I am usually so nervous to go to the dentist but Relax and Smile is the first place Iâve been to that eased all my worries and made going to the dentist a thing I am excited for!. Iâve never even seen some of the machines they use here anywhere else! They even showed me a 3D model of my teeth currently, and how it will look after my Invisalign, I highly recommend them. Parkway C. Excellent experience with Dr. Cabrera I had a very positive experience with Dr. Cabrera. She is a very professional, kind, and patient dentist. She explained the entire procedure clearly and made me feel very comfortable throughout the appointment. I definitely recommend her if you're looking for a reliable dentist with a caring approach. Andre L. I chose Relax and Smile because I experienced a sudden dental emergency. I got an appointment the same day. The staff are friendly and experienced, and Dr. Santos assessed the problem and patiently explained what my options were. I have total confidence that she will execute a technically precise repair. Melanie M. Hands down the best dental office Iâve ever been to! The entire staff is beyond amazing so kind, professional, and truly make you feel at home from the moment you walk in. Special shoutout to Alex and Alejandro for going above and beyond every single time. I actually look forward to my appointments now. yes, itâs that good!!!! Alexandria H. This place is amazing. Iâm from North Carolina & needed a dentist. Hadnât had a proper cleaning in over 2 years. Needed a new bonding and they matched my color perfectly. Hands down best dental experience Iâve ever had. I would recommend this place for anyone especially if you need a dentist in town. Justin P. I had a GREAT experience at Relax and Smile. The staff is wonderful. Everyone was so friendly from Val at the front desk to Alejandro and Dr Ricart who provided excellent dental care overall. The facility is clean and the technology is modern. I highly recommend Relax and Smile! Adrian O. Great office they figured out my dental insurance. Super modern equipment and conveniently located near the first street station metromover stop Definitely recommend this spot if you are in the city. Very friendly staff. Whitney Wow, best dentist experience Iâve had in a while. Iâm usually very anxious. Everyone was so nice and personable. Dr. Santos has great bedside manners, sheâs very smart and knows exactly what to do. Happy I went this office. Very smooth process! Hannah P. They have so many skilled specialists who really do a great job explaining the process and have many payment options. The staff is warm and very professional. They were able to squeeze me in for several different issues in one week. Highly recommend. Rodrigo M. The staff is equally amazingâfriendly, attentive, and always willing to go the extra mile. Itâs clear they genuinely care about their patients. I highly recommend this dentist to anyone looking for exceptional dental care. Truly the best! Sebastian P. Excellent service and amazing stall all around. I felt welcomed and taken care of with the upmost respect, care, & friendliness. I would like thank to Fati, Val, Alejandro, and Kaylee for helping me with all the questions I had, and for the excellent care during the procedures. Amazing place! Carlos E. Best dentist in town. Very professional, no wait time and they tre",200.0,,True,True,False,['webflow']
Amaya Dental,"815 NW 57th Ave #344, Miami, FL 33126",(305) 264-2711,https://www.amayadental.com/?utm_source=google&utm_medium=organic&utm_campaign=gbp-listing,4.9,900,Dental clinic,ChIJkY2wTNu52YgRL7c4EO7fXlI,dentists in miami,"Expert Dentist in Miami FL | Amaya Dental $99 New Patient special Includes: Regular value $350 *Offer only Applicable to New Patients Without Insurance* ï Exam ï Cleaning ï X-Rays Request Appointment Call our Miami office Call our Pembrooke Pines office Facebook Instagram Yelp ï MIAMI (305) 264-2711 ï Pembroke Pines (954) 963-3383 About Meet our Providers Services Preventive Dentistry Restorative Dentistry Cosmetic Dentistry Emergency Dentistry Family Dentistry LANAP laser dentistry Dental Implants Oral Surgery invisalign Periodontal care Root Canals Teeth Whitening Veneers TMJ Treatment Botox & Fillers Dental Bridges Tooth Extractions Black Triangle Closure For Patients Forms & Financing Membership Plan Blog locations Pembroke Pines Dental Office Miami Dental Office Special offer contact ï ï ï­ ïł ïł Schedule Now Creating Healthy and Beautiful Smiles Request Appointment $99 New Patient Special ï Full dental examination ï Professional cleaning ï Digital x-rays ï Oral cancer screening ï Treatment plan consultation Modern Dentistry For Modern Patients In Miami Enjoy First Class Treatment with Your Local Dentist in Miami, FL Welcome to Amaya Dental , where modern dental techniques are met with exceptional service. At Amaya Dental, we focus on quality, patient-centered, preventive care to maintain not just your smileâs health, but your overall well-being. Our role as dentists is to provide education, a deeper understanding of your oral health, and to offer solutions that make maintaining dental care easy. Our dynamic team has the shared mission of making you feel seen and heard, and we prioritize patient satisfaction above all else. After your first appointment at Amaya Dental at either our Miami or our Pembroke Pines office , you will be a patient for life. dental implants If youâre missing one, or several, teeth, and are looking for a low-maintenance, long-lasting solution, dental implants may be the right choice for you. Dental implants can enhance your overall appearance and oral health. Learn More Invisalign Invisalign is the most effective and discreet smile alignment system on the market. Itâs a great option for those with any number of mild to moderate alignment issues. Call our team today for a consultation! Learn More Cosmetic Dentistry If you ever avoid smiling or cover your mouth when you laugh, cosmetic services might be right for you. From whitening to veneers, dental bonding to crowns, we offer solutions so you can have the smile youâve always wanted. Learn More âI opened Amaya Dental Because I wanted to have the best team and amenities to treat my patients.â Meet Dr. Andres Amaya Dr. Andres was born and raised in Bogota, Colombia. After seeing the fulfillment his brother had in his work as a dentist, Dr. Amaya decided to embark on a similar career path. He admired the opportunity to improve people's lives as well as the artistic qualities of dentistry. After completion of his initial training in Colombia, he moved to the US where he has been practicing for over 15 years â he has worked in Miami for over a decade. Dr. Amaya is passionate about continuing education and attends conferences and classes on a frequent basis in order to keep his skills sharp. In Dr. Amayaâs chair, you can always count on a caring experience and learn something new about dentistry and how to care for your smile! Request Appointment Financing Options We Work With You Amaya Dental is dedicated to providing patient-centered care, and this includes offering a variety of financing options for our community. We partner with healthcare specific financing plans as a way to afford essential care with a low or zero interest rate. Our front desk team is happy to guide you through the process over the phone or in-person at your appointment. We accept care plans from the following lenders: CareCredit Lending Point Internal Financial Arrangement Cherry Sunbit What Our Patientâs Have To Say We Take Pride In Providing Top Notch Services I was delighted with ",200.0,,True,True,False,['webflow']
Hialeah Dental Office,"1770 W 68th St, Hialeah, FL 33014",(305) 821-7008,http://www.hialeahdental.com/,5.0,1071,Dentist,ChIJY5jxON662YgRL7SPAfKNkOw,dentists in miami,"Hialeah Dental: Top-Rated Dentist Hialeah, FL | Skilled Dentistry Near Me About Us Our Practice Our Team Gallery Services Advanced Dental Technology Botox & Dermal Fillers Cosmetic Dentistry Dental Surgery Preventive Dentistry Restorative Dentistry Porcelain Veneers Invisalign Oral Surgeon Dental Implants Am I A Candidate Dental Implant FAQs Full Mouth Dental Implants What Are Your Options Hialeah Dental Implants Patient Resources Your First Visit Referral Form Contact Us EspaĂ±ol English Call Now : (305) 821-7008 Book Your Appointment Llama ahora : (305) 821-7008 Reserve su cita Top-Rated Dental Care in Hialeah, FL Where Dental Dreams Become Reality! Rated 5.0 â on Google with 1,000+ Five-Star Patient Reviews. Book Your Appointment Call Now : (305) 821-7008 Patient-Centered & Comprehensive Dental Services Engage in the journey of complete dental wellness with our wide-ranging services and cutting-edge technologyâ. We Cater to Your Dental Needs Your trusted dental partner for comprehensive care, from routine check-ups to complete smile transformationsâ. Top-Rated Dentistry Explore our patients' experiences and testimonials, and join our community of satisfied smilesâ. What Can You Do In A Day That Would Change Your Life Forever? Trusted by 1,000+ Five-Star Google Review Patients See If You Are A Candidate Welcome to Hialeah Dental Office Receive unparalleled dental care at our Hialeah Dental Office. With advanced resources and dedicated training, our team led by Dr. Susette Fuentes guarantees exceptional care. Experience the transformative power of a healthy, captivating smile, prioritizing your well-being and satisfaction. Trust us to exceed expectations. Book Your Appointment The Hialeah Dental Office Mission At our dental practice, we go the extra mile to ensure that each patient visit feels like a 5-star experience. Your smile means the world to us, and we're committed to providing the highest level of care and delivering top-quality restorations. Whether you're a valued member of our dental family or a first-time visitor, we treat you with warmth, respect, and the personalized attention you deserve. Book Your Appoinment Crafting Your Smile With Precision and Artistry. Providing top-notch, personalized dental solutions within your reach. Meet Our Dentist Dr. Susette Fuentes Dr. Susette Fuentes Rodriguez, DDS, is a passionate and dedicated dentist committed to providing her patients with the best care available. She graduated from the University of Medical Science, Cienfuegos, Cuba, in 2008. Dr. Fuentes practiced internationally in multiple countries for over a decade before embarking on a remarkable journey to secure her reciprocal and equivalent license in the US. Meet Dr. Susette Find Out If You're A Candidate For Dental Implants! Answer The Following Questions To Learn More About Our Pricing & Financing Options! Which condition best describes you?* Missing 1 Tooth Missing Multiple Teeth Struggling With Traditional Dentures Most Of My Teeth Are In Pretty Bad Shape Please ensure you select at least one option Next Do you currently have any of these dental solutions?* Denture or Partial Denture Bridge, Crown Dental Implant None of the above Please ensure you select at least one option Previous Next How Long Have You Been Missing Your Teeth? (The longer teeth are missing the more the jaw bone shrinks)* I Still Have Them 1-6 Months 7-12 Months 1+ Years 6+ Years Please ensure you select at least one option Previous Next Are You Currently Unable To Eat Certain Foods Or Have To Modify The Way You Chew?* Yes No Please ensure you select at least one option Previous Next Are You Currently Trying To Find Relief From Any Kind Of Pain Or Discomfort?* Yes No Please ensure you select at least one option Previous Next Are You Currently Experiencing A Lack Of Confidence In Social Situations or Find Yourself Hiding Your Smile?* Yes No Please ensure you select at least one option Previous Next Dental Implant procedures are not covered by in",200.0,,True,True,False,['wordpress']
Dental Team of Miami,"801 NW 37th Ave Suite #204, Miami, FL 33125",(305) 448-7119,https://dentalteamfl.com/locations/miami/?utm_campaign=gmb&utm_medium=gmb&utm_source=google,4.8,426,Dentist,ChIJVySxrCq32YgRB8mrK5b9fcg,dentists in miami,"Miami Dentists Near You | Trusted Dental Office | Dental Team FL Skip to main content Skip to footer Smile Gallery Blog Make an Appointment Call Today! 954-246-5710 Dental Services General Dentistry Check Ups & Cleanings Dental Sealants Dental Extractions & Wisdom Teeth Removal Bruxism/Teeth Grinding Treatment Mouthguards Oral Cancer Screening White Fillings Dental Crowns Dental Bridges Dentures Cosmetic Dentistry Porcelain Veneers Lumineers Dental Implants Teeth-in-a-Day Snap on Smile Gummy Smile Teeth Whitening Invisalign Sedation Dentistry Laughing Gas Light Oral Sedation Moderate Sedation (Twilight Sedation)) Specialty Dentistry Periodontal (Gum) Therapy Endodontic (Root Canal) Therapy Therapeutic and Cosmetic Injections Snoring & Sleep Apnea Therapy Emergency Care Patient Resources Cosmetic Transformation New To Dental Team Patient Forms Feeling Anxious 0% Financing & Payment Plans Our Locations Broward County Atlantic Blvd (East) Bayview Coconut Creek Plantation Miami/Dade County Miami Palm Beach County Abacoa (Jupiter) Boynton Beach Delray Beach West Delray Beach West Palm Beach About Us Why Dental Team? Our Team Smile Gallery Careers Contact Us Dental Services General Dentistry Check Ups & Cleanings Dental Sealants Dental Extractions & Wisdom Teeth Removal Bruxism/Teeth Grinding Treatment Mouthguards Oral Cancer Screening White Fillings Dental Crowns Dental Bridges Dentures Cosmetic Dentistry Porcelain Veneers Lumineers Dental Implants Teeth-in-a-Day Snap on Smile Gummy Smile Teeth Whitening Invisalign Sedation Dentistry Laughing Gas Light Oral Sedation Moderate Sedation (Twilight Sedation)) Specialty Dentistry Periodontal (Gum) Therapy Endodontic (Root Canal) Therapy Therapeutic and Cosmetic Injections Snoring & Sleep Apnea Therapy Emergency Care Patient Resources Cosmetic Transformation New To Dental Team Patient Forms Feeling Anxious 0% Financing & Payment Plans Our Locations Broward County Atlantic Blvd (East) Bayview Coconut Creek Plantation Miami/Dade County Miami Palm Beach County Abacoa (Jupiter) Boynton Beach Delray Beach West Delray Beach West Palm Beach About Us Why Dental Team? Our Team Smile Gallery Careers Contact Us Make an Appointment Virtual Consultation Dental Services General Dentistry Check Ups & Cleanings Dental Sealants Dental Extractions & Wisdom Teeth Removal Bruxism/Teeth Grinding Treatment Mouthguards Oral Cancer Screening White Fillings Dental Crowns Dental Bridges Dentures Cosmetic Dentistry Porcelain Veneers Lumineers Dental Implants Teeth-in-a-Day Snap on Smile Gummy Smile Teeth Whitening Invisalign Sedation Dentistry Laughing Gas Light Oral Sedation Moderate Sedation (Twilight Sedation)) Specialty Dentistry Periodontal (Gum) Therapy Endodontic (Root Canal) Therapy Therapeutic and Cosmetic Injections Snoring & Sleep Apnea Therapy Emergency Care Patient Resources Cosmetic Transformation New To Dental Team Patient Forms Feeling Anxious 0% Financing & Payment Plans Our Locations Broward County Atlantic Blvd (East) Bayview Coconut Creek Plantation Miami/Dade County Miami Palm Beach County Abacoa (Jupiter) Boynton Beach Delray Beach West Delray Beach West Palm Beach About Us Why Dental Team? Our Team Smile Gallery Careers Contact Us Smile Gallery Exclusive Offers Make an Appointment Blog Learn More About Our New Patient Offers Dental Team > Our Locations > Miami Miami Dentists Dental Team: Miami dental office near you 801 NW 37th Ave. Suite 204, Miami, Florida 33125 (305) 448-7119 Office Hours Monday â Friday 9:00am â 5:00pm, Saturday & Sunday â Closed Providing trusted dental care to patients across Little Havana, Coral Gables, and West Miami. Follow us Get Directions Dental Emergency Book An Appointment Comprehensive Dental Care Welcome to Dental Team of Miami, your local destination for high-quality, personalized dental care. Conveniently located at 801 NW 37th Ave, Miami, FL, we are part of Dental Team FL â a family-owned provider with decades of experience serving patients in Miami and acr",200.0,,True,True,False,['wordpress']
Advanced Smile Dental Clinic - Hialeah,"6600 W 12th Ave, Hialeah, FL 33012",(305) 846-7987,https://www.advancedsmileclinic.com/,5.0,106,Dental clinic,ChIJubOYlZq72YgReuw-LJaS2KQ,dentists in miami,"Dentist Coral Gables FL | Cosmetic & Emergency Dentistry Hialeah Skip to main content Skip to footer 3934 SW 8TH STREET SUITE 306, CORAL GABLES 6600 W 12TH AVE, HIALEAH, FL 33012 MEET US SERVICES Cosmetic Dentistry Dental Bridges Dental Crowns Dental Veneers Gingival Recession Inlays & Onlays Tooth Fillings Oral Surgery Bone Grafting Dental Implants Implant Overdentures Tooth Extractions Wisdom Extractions General Dentistry Emergency Dentistry Root Canals Invisalign Treatment Deep Cleanings Periodontal Gum Disease Teeth Whitening PATIENT INFORMATION Before & After Blogs New Patients Welcome Insurances MEET US SERVICES Cosmetic Dentistry Dental Bridges Dental Crowns Dental Veneers Gingival Recession Inlays & Onlays Tooth Fillings Oral Surgery Bone Grafting Dental Implants Implant Overdentures Tooth Extractions Wisdom Extractions General Dentistry Emergency Dentistry Root Canals Invisalign Treatment Deep Cleanings Periodontal Gum Disease Teeth Whitening PATIENT INFORMATION Before & After Blogs New Patients Welcome Insurances LOCATIONS Coral Gables Hialeah Contact US LOCATIONS Coral Gables Hialeah Contact US BOOK ONLINE HIALEAH CORAL GABLES HIALEAH CORAL GABLES MEET US SERVICES Cosmetic Dentistry Dental Bridges Dental Crowns Dental Veneers Gingival Recession Inlays & Onlays Tooth Fillings Oral Surgery Bone Grafting Dental Implants Implant Overdentures Tooth Extractions Wisdom Extractions Deep Cleanings Emergency Dentistry General Dentistry Invisalign Treatment Periodontal Gum Disease Root Canals Teeth Whitening PATIENT INFORMATION Before & After Blogs New Patients Welcome Insurances LOCATIONS Coral Gables Hialeah Contact US MEET US SERVICES Cosmetic Dentistry Dental Bridges Dental Crowns Dental Veneers Gingival Recession Inlays & Onlays Tooth Fillings Oral Surgery Bone Grafting Dental Implants Implant Overdentures Tooth Extractions Wisdom Extractions Deep Cleanings Emergency Dentistry General Dentistry Invisalign Treatment Periodontal Gum Disease Root Canals Teeth Whitening PATIENT INFORMATION Before & After Blogs New Patients Welcome Insurances LOCATIONS Coral Gables Hialeah Contact US CREATING BEAUTIFUL SMILES Hialeah 305 846 7987 Coral Gables 786 391 0588 Your Trusted Dentists in Coral Gables & Hialeah Advanced Smile Dental Clinic Advanced Smile Dental Clinic, located in Coral Gables and Hialeah, Florida provides our patients with a comprehensive array of dental services including: emergency dentistry, cosmetic dentistry, dental implants, root canals, teeth extractions, teeth whitening, pediatric dentistry and even invisalign treatment. Dr. Laura Perez, is an honors graduate from New York University and is one of the most compassionate dental practitioners one can find. Her passion for dentistry and the care of her patients is like none other. Come be seen by Laura Perez, DDS at Advanced Smile Dental Clinic today! Schedule your dental consultation through our online system and please, feel free to fill out the new patient welcome package (registration form) found on our patientâs information menu. Your information will be securely pass to our system. Affordable Dentistry Affordable prices for you and your family! Get the smile you want today! We offer financing solutions for your dental treatment. READ MORE Quality Dental Care Our staff strives to provide the best quality dental and customer service in the Coral Gables and Hialeah areas. Learn more by requesting call for your appointment REQUEST A CALL Online Registration Fill out the welcome registration forms from the comfort of your home. Save time at our practice with our secured online system. READ MORE Modern Dentistry with a Gentle Touch Our Services VIEW ALL SERVICES EMERGENCY DENTISTRY EMERGENCY DENTISTRY Dental emergency service can be termed as lifesaving for patients who require emergency care and immediate attention in order to minimise the risk of serious medical complications in the longer term Learn More GENERAL DENTISTRY GENERAL DENTISTRY Our general dentistry",200.0,,True,True,False,['wordpress']
Elite Smiles Dental Center,"1501 SW 37th Ave Suite B, Miami, FL 33145",(786) 228-7000,https://elitesmilesdentalcenter.com/,5.0,184,Dentist,ChIJlePrEiO32YgRRNKyopwgvuE,dentists in miami,"ïżœaïżœïżœïżœïżœïżœïżœ:|ïżœïżœ2_ïżœ?GU>ïżœ;tïżœïżœJ ?ïżœïżœïżœïżœq2ïżœu>'ïżœïżœïżœïżœHïżœ$$ïżœïżœ P$ïżœïżœïżœïżœ.ïżœwïżœïżœZïżœïżœlAïżœG>ïżœRïżœ =ïżœïżœ#cl&]4ïżœ=ïżœïżœpïżœïżœnpïżœHïżœJt3ïżœïżœïżœ A#ïżœEïżœ#ïżœÚïżœ9cïżœFïżœSïżœ'ïżœïżœïżœïżœeïżœïżœïżœïżœïżœ]ïżœïżœïżœïżœïżœDïżœhZïżœ6?ïżœïżœ4ïżœïżœïżœ>FiïżœïżœïżœïżœïżœïżœF@T@DgÒł[ïżœgzïżœBK)ïżœjïżœïżœá·7ïżœkïżœïżœUïżœïżœzïżœC?ïżœd ïżœ 7Gïżœïżœïżœp[ïżœïżœïżœïżœïżœïżœ""CïżœïżœXïżœïżœïżœdGïżœïżœïżœïżœÓlÉïżœDïżœ]]hgïżœO5ïżœSïżœ_ïżœCmïżœCïżœ&$[V ÔŸïżœx1ïżœSïżœïżœb;ïżœïżœïżœïżœïżœ.ïżœïżœ~L|(""ïżœïżœ./ïżœïżœOgïżœïżœzïżœïżœ ïżœtïżœd+ïżœïżœQïżœfïżœïżœ_ÍŹïżœïżœïżœïżœïżœcïżœïżœ ïżœtïżœïżœ ïżœÆčïżœïżœa8kfĘ@ao""dïżœFïżœ6ïżœ7ïżœïżœïżœ]ïżœïżœïżœ{ïżœ9i ïżœïżœa >ïżœB ïżœoHïżœ{~ïżœïżœïżœïżœ7ïżœkïżœ 'ËïżœïżœïżœïżœIïżœmïżœ ïżœWïżœgJïżœ#ïżœ7ïżœĂG ïżœtïżœZïżœïżœ%7ïżœ)ïżœïżœwïżœ83X'8ïżœ,}&O&ïżœ_ïżœïżœ{905ïżœß znïżœAxkïżœgUïżœNïżœ$ïżœïżœ< ïżœïżœNXïżœ =u/Tïżœïżœïżœ ïżœb4ïżœïżœ%Sïżœ|qïżœïżœïżœïżœ ïżœïżœïżœ ïżœïżœ=_ïżœ#ïżœ#Ptïżœïżœïżœ[D?ïżœFïżœ^\Æïżœ ïżœTïżœAïżœÔïżœË;ïżœïżœïżœ ïżœ4Eïżœ ïżœïżœ$ïżœă€ïżœ1ïżœ1ïżœ%ïżœ Oïżœ6ïżœ=RÄïżœCïżœ4ïżœ6ïżœïżœ&!ïżœïżœÒ”ïżœïżœ`EOïżœïżœ;ïżœïżœ&ïżœïżœzMïżœïżœ=zïżœDïżœïżœ0d\ïżœïżœïżœFïżœ0yïżœ ïżœïżœïżœ Úïżœïżœïżœ_ïżœïżœf s<ïżœtïżœïżœ^lïżœïżœAïżœ_ïŹĄï„ïżœ[ÏïżœS6ïżœeïżœGïżœAïżœïżœïżœïżœïżœyïżœ=AïżœmjïżœïżœȚŠ ïżœïżœ:yoKïżœË{ïżœïżœ7V ïżœïżœïżœJïżœïżœïżœïżœïżœ{ïżœQ ïżœ2G>w/ïżœ|OïżœoÌžïżœïżœïżœïżœïżœïżœïżœ\Ó}ïżœ3'&)ïżœŚ°ïżœïżœ^ïżœQLD0Â« dïżœ'ïżœ ïżœ)ïżœïżœïżœËïżœïżœïżœïżœsïżœ(ïżœ l<ïżœïżœïżœ>ïżœïżœïżœbïżœÛœ< ïżœïżœ{qÔșïżœRïżœïżœïżœïżœ._ïżœïżœïżœïżœ 3ïżœp^ïżœïżœïżœMïżœuïżœuïżœïżœUßïżœ{ïżœïżœYmïżœïżœBïżœ=ïżœDïżœ(ïżœ{PJïżœyïżœïżœQZïżœÉVïżœuVïżœT%v|ïżœ?u+<ÖźïżœïżœïżœIïżœRMïżœïżœÒ€ïżœGx[ïżœdïżœ1Ìïżœ<ïżœCïżœïżœïżœMïżœÎïżœgïżœ ïżœïżœsïżœïżœïżœïżœïżœ#ïżœwïżœo'Lïżœïżœ:#ïżœïżœïżœ}ïżœ03#ïżœïżœŃŸoïżœïżœïżœïżœïżœïżœ ïżœzQïżœïżœnïżœ|oïżœÙżïżœwqïżœïżœËÄïżœ/y$ïżœ;ïżœw>ïżœïżœïżœ]ïżœ_ïżœ7aïżœïżœïżœïżœxïżœ1m%ïżœMG-ïżœŰ€kïżœYïżœïżœClwes}ïżœïżœïżœ0ïżœtïżœlPk]+ïżœziïżœRïżœïżœtĘWïżœ@/ïżœV5 ïżœDïżœ{0ïżœlïżœA nïżœïżœïżœaCyXyïżœïżœïżœm+:gyïżœZïżœïżœ9ïżœïżœEïżœ ïżœBpïżœïżœïżœïżœïżœ/Kïżœ=+ïżœïżœ^kïżœïżœ9`ïżœïżœïżœïżœ.ïżœ IïżœC<ïżœ Fmïżœyïżœ^EwWïżœïżœïżœ`ïżœwïżœïżœ ïżœïżœïżœïżœïżœïżœiïżœïżœïżœïżœ*ïżœïżœïżœïżœK eïżœJïżœïżœïżœïżœïżœ1ïżœïżœïżœ7ïżœïżœ ïżœE4ïżœïżœïżœïżœïżœïżœYïżœïżœïżœïżœïżœvïżœïżœïżœ}cĘŹHïżœïżœ {$ïżœïżœïżœidćł°ïżœïżœ}ïżœïżœPGïżœïżœEiïżœïżœïżœBïżœu.ïżœïżœ_ïżœÜČïżœiïżœïżœïżœ_ïżœ ïżœïżœïżœïżœïżœïżœïżœïżœ<ïżœïżœïżœ,Qïżœïżœïżœ#ïżœq?I0ïżœïżœ""|u Vïżœ?ïżœ?nïżœïżœïżœĆŃ­gïżœrïżœïżœ!ïżœïżœ] ïżœïżœM+9+$ïżœïżœ4fïżœïżœfoX] eCïżœ'ïżœïżœïżœïżœïżœÒŠïżœAiïżœ GaïżœïżœïżœïżœïżœïżœBïżœïżœïżœ)ïżœ]r]ïżœïżœI$Eïżœïżœïżœ/d[cïżœ,yïżœïżœlïżœ ïżœ\8-^ïżœXO/ f+ANïżœxïżœb< gÊĄÓïżœïżœ Ùq=&ïżœïżœïżœ|9ïżœ. ïżœ<ïżœ[ïżœïżœl<ïżœ9`ïżœ^ïżœïżœ+ïżœïżœ xïżœvïżœdïżœb%c >Hïżœïżœïżœ*c.Ukïżœ!:?YïżœhP(rfl _ïżœ\ïżœïżœEïżœTïżœ,ïżœïżœïżœ~/ïżœïżœUïżœïżœ Jïżœïżœïżœ ïżœïżœïżœïżœïżœïżœïżœïżœ?ïżœïżœËȘïżœ62ïżœïżœ%{F4ZEïżœ&ïżœ ïżœïżœ`ïżœïżœzïżœ ïżœ{Ì§ïżœÓïżœ819ïżœ""ïżœ^nïżœdïżœïżœ ïżœt%Zx ïżœïżœïżœïżœQ ïżœ6ïżœb Eïżœ:$ 4ïżœïżœ=*ïżœïżœïżœïżœïżœgïżœ ïżœïżœTïżœ 6'vïżœcïżœïżœïżœïżœrïżœ+zNmïżœïżœ.ÈYïżœJLïżœ(7ZïżœBcïżœïżœïżœïżœ9ïżœïżœE_A<ïżœX#d3""ïżœIïżœ ïżœQïżœC Fïżœ'Kïżœïżœ ïżœ0ïżœïżœïżœ>ïżœ""E9Pïżœ/ïżœ$Eïżœ Hïżœ9{!ïżœIsXïżœ$ Xïżœhïżœïżœ ïżœ-ïżœKïżœIïżœïżœïżœG9ïżœjïżœïżœAïżœasïżœïżœ(ïżœ2ïżœlïżœ9\V;ïżœ7=SïżœïżœïżœïżœpYïżœ2ïżœVïżœïżœ ïżœQrdïżœáČŹïżœïżœ""ïżœAjheïżœ Tïżœ_ïżœïżœïżœïżœ1ïżœkïżœ8ïżœGïżœïżœïżœpYïżœïżœa Y7ïżœFïżœN3ïżœïżœ .W/ïżœDïżœ ïżœcïżœïżœ8(ïżœïżœb,rïżœïżœ'Uïżœïżœ ïżœïżœïżœHDïżœïżœ~0ïżœ9\ïżœïżœïżœïżœ ïżœkĂžïżœïżœ*ïżœ4ïżœaJvïżœïżœïżœ!QïżœEíșïżœI}ïżœ|JWKïżœWïżœ}ïżœ#IïżœgÄ§4^ïżœïżœjIïżœUqrïżœïżœïżœeïżœïżœïżœ>ïżœïżœ'>?ïżœOqïżœ $ïżœ8-ïżœ}iYïżœMïżœOïżœïżœ? ïżœIïżœïżœ[ïżœ-LtJïżœïżœzïżœEïżœ'^ïżœqïżœïżœïżœ Gaïżœ\ïżœïżœïżœÓ_M~sïżœïżœ_ïżœïżœKIïżœ>ïżœbïżœïżœïżœïżœïżœïżœïżœ 9ïżœFfZïżœïżœNïżœ -ïżœïżœbïżœFïżœOïżœïżœïżœ IïżœO(ïżœ)^/ïżœjïżœïżœ,]Bïżœïżœ]QïżœÇ±eïżœïżœÛïżœïżœïżœ]ïżœl ïżœïżœïżœïżœ>ïżœ3ïżœïżœ; 5ïżœïżœh-*ïżœ/MïżœïżœÔ§Q*ïżœïżœïżœIïżœ}cïżœ!""ïżœ&ïżœïżœ^ïżœSïżœïżœ$Mïżœïżœïżœ~ïżœïżœqïżœïżœïżœïżœgïżœïżœÒ„ïżœ>P>Űœïżœ?*ïżœ ïżœïżœ[ïżœïżœïżœïżœdMïżœ?ïżœïżœïżœïżœ2ïżœïżœLïżœïżœGNDïżœïżœÚïżœ~bïżœïżœÏšOïżœÊ§ïżœïżœ%(!>IW>ïżœÈ:,~fYïżœïżœ0kïżœïżœ ïżœV3ïżœïżœïżœ ïżœ2ïżœïżœ5ïżœïżœïżœïżœ]Xïżœ.nïżœïżœïżœ'tïżœïżœÏïżœïżœïżœ>Mr0tG 4=ïżœ9ÌDïżœïżœïżœĆž\m Ăż8ïżœuQzïżœïżœïżœrLïżœÉż/ïżœ(ïżœqlDïżœèŸïżœïżœïżœbcïżœA3ïżœ Î ïżœïżœNq4ïżœïżœ_ïżœïżœ! ïżœìïżœ ïżœ ïżœ!P ïżœïżœ e*ïżœïżœïżœïżœ>äșïżœïżœïżœïżœ> N'ïżœK  ïżœs ïżœïżœȚïżœïżœïżœjĆlïżœLO}ïżœïżœANïżœNïżœïżœ:ïżœ O@ïżœïżœÍïżœïżœïżœïżœ~ïżœïżœ ïżœïżœïżœïżœrïżœ9ïżœyvïżœÒąïżœŃŒjQïżœÄŽ<ŐŹïżœïżœhïżœ}?ïżœïżœïżœ|ïżœïżœ3`ïżœïżœjïżœ3ïżœïżœïżœ6ïżœ$wTJLïżœ(ïżœïżœhXïżœïżœïżœVŃGïżœïżœïżœïżœïżœïżœrio^ïżœïżœïżœqyïżœïżœ \|ïżœïżœHïżœ}k#ïżœYïżœFrïżœ$vïżœïżœQïżœïżœcuïżœ#ïżœU =iïżœRïżœ)ïżœwïżœïżœ:ïżœÒąïżœïżœSïżœ4ïżœO ïżœv{ïżœ0[KïżœïżœVïżœïżœGfnïżœ ïżœ!}ïżœrmïżœaïżœïżœïżœïżœPïżœ1ïżœïżœ=Txïżœfcïżœ0Tïżœ$<ïżœB5$ïżœXïżœïżœxïżœïżœ"" ïżœïżœïżœïżœïżœ$ïżœ ïżœ#6yex# ïżœ;^ïżœïżœxc+ ()pïżœïżœïżœ}ïżœïżœïżœ*ïżœïżœïżœA ïżœïżœïżœïżœïżœ5ïżœïżœïżœAP= ïżœïżœ](ïżœì°Æ§UcJïżœ}ïżœAaïżœXïżœïżœïżœïżœïżœ(Lïżœïżœ(LWïżœïżœïżœïżœïżœÜïżœ$*\ïżœïżœLay/c5Rïżœ Y~ïżœW ïżœT ^o9UX9YïżœNNzïżœU_ïżœVXrïżœLïżœïżœ`t&ïżœïżœ~DïżœïżœA['ïżœïżœ}gIul ïżœïżœUïżœyCïżœïżœoïżœïżœ#ïżœnY ïżœsFïżœfÄïżœïżœNrÌœïżœïżœïżœËïżœ, +ïżœïżœïżœïżœïżœ_'ïżœïżœqïżœïżœT1 ïżœïżœ'xHRïżœïżœGïżœ|ïżœïżœ8NïżœïżœïżœĂïżœïżœïżœcïżœïżœïżœ/ïżœ,3ïżœ6ïżœOïżœ& $ïżœ ïżœïżœZïżœ*ïżœq( ïżœ ïżœïżœïżœ"" lkÆčïżœ[ïżœEqm^ïżœ*Ő0ïżœP ïżœïżœ ȚŸbïżœïżœhïżœïżœïżœe;ïżœïżœïżœïżœs5ïżœ&aïżœïżœsïżœïżœL@I%bf ïżœïżœĆïżœïżœGïżœïżœaïżœI Gïżœ'^ïżœïżœ|.RUïżœ?ïżœ<ïżœïżœïżœN-xïżœïżœïżœaŃïżœ=,ïżœïżœïżœïżœïżœïżœïżœtzïżœBïżœTïżœ*ytïżœ:8-ïżœïżœ=KïżœïżœïżœDïżœïżœ<ïżœfïżœÖ ïżœ ïżœ qiHïżœu@ïżœSÒžoïżœ9ïżœ|ïżœïżœïżœ2ïżœnK;ïżœ/{ ïżœ& {1ïżœ8ïżœ:#ïżœaïżœnïżœïżœEïżœEWJaĂïżœ=ïżœ|ïżœïżœïżœïżœĂ *ïżœuïżœïżœiïżœïżœtïżœïżœïżœȚąïżœ~Oïżœïżœïżœ@`SotïżœïżœY+\ïżœSïżœïżœbïżœ0ïżœïżœbLV+ïżœïżœïżœïżœD1ïżœ,ïżœy8Tïżœmïżœ\ïżœïżœïżœïżœrïżœïżœ.ïżœ>ïżœïżœïżœ;ïżœïżœxf^ïżœWïżœïżœhïżœcïżœ6ïżœïżœïżœïżœ Yïżœïżœïżœïżœ/ïżœÊ«RïżœU?ïżœïżœïżœAïżœE=(fïżœ%ÄȘïżœïżœDïżœïżœïżœïżœ3ïżœ/ïżœÏșsVïżœÜ%KïżœïżœEïżœ ïżœïżœïżœïżœïżœ@ïżœOïżœ &gŰŁïżœWïżœïżœ ïżœïżœïżœ ïżœïżœïżœïżœïżœ,ïżœïżœ|ïżœïżœeïżœïżœ ïżœăż€'ïżœïżœwZïżœïżœïżœ:ïżœïżœ}9dGïżœ:e+ïżœrX ïżœNïżœrOïżœA[ïżœZïżœ3%F6Fïżœïżœïżœïżœ _ïżœïżœ(VCïżœïżœ/ïżœïżœ(ïżœK>> ïżœJïżœ%ïżœ ïżœïżœ#ïżœïżœK>=ïżœïżœD2ïżœK~uïżœïżœïżœ%ïżœ ïżœj ïżœïżœ%ïżœ>Lzïżœ[Ô€ 2+hïżœïżœïżœïżœïżœÓClVïżœïżœïżœ0ïżœïżœvïżœ{J6ïżœïżœ8v-ïżœB(Oïżœ ïżœMïżœïżœdïżœïżœïżœHïżœTïżœFïżœïżœïżœïżœR6&Sïżœïżœ)ïżœïżœïżœp:ïżœïżœvïżœ* ïżœÒŠïżœ,ïżœïżœAïżœïżœ&ïżœ<#ïżœïżœWyzeïżœïżœ 4ïżœïżœ2ïżœïżœ Cïżœ`ïżœ`ïżœïżœïżœcïżœN_ïżœEïżœÜsïżœ_ïżœ/yïżœïżœp)ïżœ2-ïżœïżœïżœ3 ïżœïżœeïżœ1ïżœ.ïżœ/ïżœERe{&ïżœdïżœïżœ6<8ïżœ/ïżœ CïżœïżœïżœFïżœïżœïżœïżœïżœïżœïżœ_ïżœïżœ^nkïżœ NïżœaïżœïżœïżœGïżœ,ïżœ$ïżœqïżœn~ïżœ68}~ÛŻïżœïżœïżœïżœMïżœïżœÓœ^ïżœ~Zïżœ)ïżœHïżœïżœïżœ;ïżœJWïżœïżœDlïżœïżœïżœïżœïżœ6FFïżœTïżœïżœïżœïżœïżœĂ ZïżœïżœrïżœTïżœ+.R}>ïżœïżœ}$ïżœ7Ó”ïżœïżœ'ïżœïżœïżœïżœïżœßȘDïżœïżœïżœïżœïżœW""ïżœ8ïżœ+h/ïżœ'6""GR`GïżœqïżœR2jRïżœïżœs8ïżœ<ïżœ?~ïżœïżœïżœAWE.ïżœïżœ5ïżœ ïżœïżœZ:ïżœxïżœïżœïżœJ\ïżœïżœfo é±ŠTl\ïżœŃžOkïżœïżœ ïżœ ZKïżœ}ïżœLïżœïżœïżœïżœïżœïżœ<ïżœJïżœïżœïżœyïżœ3ïżœïżœyïżœ0. ïżœtïżœ7ïżœ}iïżœïżœïżœŃœïżœpïżœ|ïżœ Yïżœ p/H1ïżœ ïżœïżœïżœïżœjïżœïżœïżœLEWP|ïżœ2ïżœC*ïżœïżœBïżœ=ïżœïżœïżœïżœÂ!ïżœïżœïżœqïżœïżœ>ïżœïżœïżœ""ïżœïżœZïżœïżœaïżœïżœ&$ïżœ/D{ïżœïżœïżœ~ïżœÇ`{ïżœ g)ïżœïżœAy*ïżœBïżœïżœ{ïżœ8v81hïżœVtCïżœïżœpïżœïżœ Q+ïżœ]",200.0,,False,False,False,[]
Bayfront Dental,"224 SE 1st St, Miami, FL 33131",(305) 530-1866,https://www.bayfrontdental.com/,4.8,493,Dentist,ChIJXfwuyZ222YgRMJFFi-sUKag,dentists in miami,Just a moment...,403.0,,False,False,False,[]
Dentists of Miami Gardens,"17776 NW 57th Ave, Hialeah, FL 33015",(786) 579-1206,https://www.dentistsofmiamigardens.com/?sc_cid=GBP%3AO%3AGP%3A766%3AOrganic_Search%3AGeneral%3Ana&_vsrefdom=organic_gbp&y_source=1_MTU1NzEwNTAtNzE1LWxvY2F0aW9uLndlYnNpdGU%3D,4.7,333,Dentist,ChIJ-3vlOVSl2YgRrsB1xt7Z1Gw,dentists in miami,"Local Dentist Office in Hialeah FL | Dentists of Miami Gardens Supercharge your dental benefits. 20% off dentistry*, schedule today! Here to Help You Find Answers Quick Links FIRST VISIT PAY YOUR BILL MEET THE TEAM PATIENT PORTAL FREQUENTLY ASKED QUESTIONS INSURANCE ACCEPTED OUR TEAM SERVICES Overview CLEAR ALIGNERS CROWNS DENTAL SEALANTS DENTAL XRAYS DENTURES EMERGENCY SERVICES FILLINGS FLUORIDE TREATMENT TEETH CLEANING IMPLANTS INLAYS AND ONLAYS MOUTH GUARD ORAL CANCER SCREEN PERIODONTICS ROOT CANAL SCALING/ROOT PLANING SEDATION DENTISTRY TEETH BONDING TEETH EXTRACTIONS TOOTH BRIDGE VENEERS WHITENING WISDOM TEETH REMOVAL INSURANCE & PAYMENTS Overview Insurance Dental Plan Financing Pay Your Bill ABOUT US Overview Careers Contact FAQs Book an Appointment What To Expect Patient Portal SCHEDULE 786-579-1206 We are Dentists of Miami Gardens Take advantage of 20% Off Dentistry* and keep your smile in top shape. SCHEDULE NOW 786-579-1206 Meet Dr. Janelle Diaz I am committed to providing you with quality dental care. I aspire to make your dental experience one that is enjoyable and free of pain. MEET THE TEAM ADDRESS 786-579-1206 fax : 786-522-2672 17776 NW 57th Ave Hialeah, FL 33015 BOOK APPOINTMENT We are located on the corner of NW 57th Ave & NW 177th St, in the Wal-Mart plaza, next to Verizon BUSINESS HOURS Mon 8:00 AM - 7:00 PM Tue 8:00 AM - 7:00 PM Wed 8:00 AM - 7:00 PM Thu 8:00 AM - 7:00 PM Fri 8:00 AM - 5:00 PM Sat 8:00 AM - 3:00 PM Sun Closed We are excited to serve Hialeah and the surrounding communities. Book you appointment now! We also accept walk-ins and emergencies LANGUAGE SPOKEN English Spanish INSURANCE We take most major insurances, including: Aetna Ameritas Anthem Blue Cross Cigna Delta Dental Guardian MetLife United Health Care UCCI Family Dentistry in Hialeah, FL At Dentists of Miami Gardens, we prioritize your oral health because we understand its vital role in your overall well-being. Our personalized care and advanced solutions keep your smile healthy, whether youâre here for a routine cleaning or advanced procedures like a root canal or a dental bridge. In our friendly, modern environment, we make every visit easy and comfortable for patients of all ages. Beyond your smile, weâre dedicated to supporting your overall health at every step. Schedule your appointment today and experience a healthier smile right here in Hialeah, FL. We Pride Ourselves on Our Service When you choose Dentists of Miami Gardens, you step into a new era of dental excellence with our advanced, proven technology. Explore the advantages of transformative technology, such as Digital X-Rays and CERECÂź CAD/CAM single-visit crowns. VIEW ALL SERVICES EMERGENCY SERVICES CROWNS FILLINGS CLEAR ALIGNERS FLUORIDE TREATMENT TEETH CLEANING IMPLANTS DENTAL SEALANTS MOUTH GUARD ORAL CANCER SCREENING DENTAL X-RAYS AND IMAGING PERIODONTICS ROOT CANAL/ENDODONTICS DENTURES INLAYS AND ONLAYS SCALING AND ROOT PLANING SEDATION TEETH BONDING TOOTH BRIDGE TEETH EXTRACTIONS VENEERS WHITENING WISDOM TEETH/ORAL SURGERY Special Offers 20% Off Dentistry* Get a super start to the new year when you use your new dental benefits. SCHEDULE NOW Generations of Smiles Issue 21 Dear Heart, Your Mouth May Know Something You Don't. READ NOW OralFitnessCheck Âź Take proactive steps to better health. Ask at your next appointment for your complementary initial screening. LEARN MORE Trusted by Families Across Hialeah, FL 5.0 Came in as a new customer and let me sayâŠ it over exceeded my expectations!!! From the moment you walk in is a family feeling. Full of care, attention and smiles. They took very good care of my teeth. After take X-rays Dr. Padron came in with Briggitte and explained everything to me step by step of my condition and what I needed. After that Lara came in and together we worked out the financials. Being a single mom is kind of difficult to spend on us but sometimes itâs needed, specially if theyâre willing to work with you. Donât hesitate great place! Thank yo",200.0,,True,True,False,[]
Springs Dental of Miami Springs,"657 South Dr #301, Miami Springs, FL 33166",(305) 885-9721,https://www.springsdental.net/?utm_source=GoogleBusinessProfile&utm_medium=Organic&utm_campaign=Website,4.8,524,Dentist,ChIJBxaSnf-52YgRkjGMQfG0xaY,dentists in miami,"Dentist in Miami Springs, FL - Cosmetic Dental Care Hialeah, FL Skip to content Skip to content WE TAKE EMERGENCIES AND WALK-INS Toggle Navigation About Our Dentists Areas We Serve Miami Springs (Office Location) Plantation, FL (Office Location) Services General Dentistry Family Dentistry Comprehensive Oral Cancer Screening Teeth Cleaning Periomaintenance TMJ/TMD Treatment Nightguards Deep Cleaning (SRP) Emergency Dentistry Cosmetic Dentistry Dental Veneers Tooth Fillings Gingival Contouring InvisalignÂź Clear Braces Porcelain Crowns Dental Bridges Dental Implants Dentures Laser Dentistry Teeth Whitening Smile Makeover Periodontics Root Canals All-on-Four Full Mouth Reconstruction Gum Treatment Oral Surgery Sinus Lift Wisdom Tooth Extractions Dental Implants Extractions & Bone Graft Ridge Augmentation Patient Info New Patients Out-of-Town Patients Insurance & Financing Specials Online Forms Parking Blog FAQs Our Reviews Before & After Photos HIPAA Notice of Privacy Practices Contact Us Contact Us Request An Appointment 305-885-9721 Toggle Navigation Home About Us Our Dentists Our Team Areas We Serve Miami Springs (Office Locations) Plantation, FL (Office Location) Services General Dentistry Comprehensive Oral Cancer Screening Teeth Cleaning Periomaintenance TMJ/TMD Treatment Nightguards Deep Cleaning (SRP) Cosmetic Dentistry Dental Veneers Tooth Fillings Gingival Contouring InvisalignÂź Clear Braces Porcelain Crowns Dental Bridges Dental Implants Dentures Laser Dentistry Teeth Whitening Smile Makeover Periodontics Root Canals All-on-Four Full Mouth Reconstruction Oral Surgery Extractions & Bone Graft Wisdom Tooth Extractions Sinus Lift Ridge Augmentation Emergency Dentistry Out-of-Town Patients Patient Information Insurance & Financing Parking Blog FAQs Our Reviews New Patients Contact Us Contact Us Request An Appointment 305-885-9721 Schedule an Appointment ! Toggle Navigation Home About Us Our Dentists Our Team Areas We Serve Miami Springs (Office Locations) Plantation, FL (Office Location) Services General Dentistry Comprehensive Oral Cancer Screening Teeth Cleaning Periomaintenance TMJ/TMD Treatment Nightguards Deep Cleaning (SRP) Cosmetic Dentistry Dental Veneers Tooth Fillings Gingival Contouring InvisalignÂź Clear Braces Porcelain Crowns Dental Bridges Dental Implants Dentures Laser Dentistry Teeth Whitening Smile Makeover Periodontics Root Canals All-on-Four Full Mouth Reconstruction Oral Surgery Extractions & Bone Graft Wisdom Tooth Extractions Sinus Lift Ridge Augmentation Emergency Dentistry Out-of-Town Patients Patient Information Insurance & Financing Parking Blog FAQs Our Reviews New Patients Contact Us Contact Us Request An Appointment 305-885-9721 Directions Call Schedule Now Family & Cosmetic Dentistry Our Cosmetic Dental Treatments are tailored to your needs. Schedule Appointment ENHANCE YOUR SMILE Cosmetic Dentistry can change the color, shape and position of your teeth with the goal of achieving a dazzling, confident smile. Schedule Appointment EXPERIENCED DENTISTS Our dentists have over 40 years of combined experience. Schedule Appointment ENHANCE YOUR SMILE Schedule Appointment A smile expresses so much about who you are :) Home Prospecta 2026-02-16T10:57:30-05:00 Welcome to SPRINGS DENTAL Welcome to Springs Dental, your first step towards better dental health! At Springs Dental, we devote ourselves to delivering the ultimate experience in dentistry through a comprehensive approach. Our dentists Dr. Legon and Dr. Navarrete, focus on our patientâs needs and wants while providing optimal oral care for the community of Miami Springs and Plantation in the state of Florida. From your first visit, you will notice that our dental office is not your regular practice. We love to welcome patients and care for them as if they are part of our family. We take pride in providing and offering the latest technology in a state-of-the-art facility. Our friendly staff is here to help you and guide you through a beautiful denta",200.0,,True,True,False,['wordpress']
Miami Dental Group of Doral,"7950 NW 53rd St Suite 201, Doral, FL 33166",(786) 672-1271,https://miamidentalgroup.com/,4.9,1423,Dental clinic,ChIJUVMehtO72YgRwXrNRa1sgkM,dentists in miami,"Miami Dental Group âą Find A Dentist Near You For Dental Care HOME Our Dentists Services Dental Implants Dentures Cosmetic Dentistry Porcelain Veneers Dental Emergency Teeth Whitening Endodontics Locations Doral Hialeah West Kendall Kendall Current Offers Patient Info Insurance & Financing Testimonials Menu Close HOME Our Dentists Services Dental Implants Dentures Cosmetic Dentistry Porcelain Veneers Dental Emergency Teeth Whitening Endodontics Locations Doral Hialeah West Kendall Kendall Current Offers Patient Info Insurance & Financing Testimonials Contact us South Miami (305) 271-0160 West Kendall (305) 551-1309 Doral (786) 672-1271 Miami Lakes - Hialeah (786) 558-8637 Miamiâs Leading Dental Practice Schedule Your App today! New Patients (786) 677-8717 Google Reviews 10 â â â â â ( 10 / 5 ) Affordable Treatments Special Offers We offer a range of special offers and discounts for new patients. We want you to feel comfortable and confident in your decision to invest in your dental health. That's why we have a special introductory offer for new patients who are looking for an affordable way to get the smile they deserve! All work covered by our 5 Year Warranty! New Patient Special Only $99 Full Exam (D0150) Basic Cleaning (D1110) Get this offer Clear Invisible Aligners 6 months from $1,595 per arch 12 months from $1,995 per arch Get this offer Teeth WHITENING SPECIAL Home Kit $149 In-office $349 Get this offer Dental Implant From $2,195 Includes Crown Reg Abutment FREE Panoramic & CT-Scan FREE Consultation Bone Graft + $495 Get this offer All on 4 Implants From $269 /Month Screw-In-Hybrid Acrylic FREE Panoramic & CT-Scan FREE Consultation No Hidden Fees Get this offer All on 6 Implants From $349 /Month Snap-on Dentures FREE Panoramic & CT-Scan FREE Consultation No Hidden Fees Get this offer Miami Dental group Locations Call Now! î West Kendall (305) 551 1309 î South Miami (305) 271-0160 î Doral (786) 672-1271 î Miami Lakes - Hialeah (786) 558 8637 Schedule an Appointment Top Quality Dental Services Premier family dentistry practice using the most recent technology in addition to years of expertise. Our doctors and staff are committed to establishing a private relationship with our patients and providing the very best quality care for each patient encounter. Dental Implants A permanent solution to replace missing teeth, using titanium posts to support and anchor artificial teeth. MORE ABOUT DENTAL IMPLANTS Porcelain Veneers Thin shells of porcelain custom-fitted over the front surface of teeth, enhancing their shape, color, and overall appearance. MORE ABOUT VENEERS Teeth Whitening A cosmetic procedure to brighten and enhance the color of natural teeth, removing stains and discoloration. MORE ABOUT TEETH WHITENING Smile Design A comprehensive approach to improve the aesthetics of your smile through various cosmetic and orthodontic procedures. MORE ABOUT SMILE DESIGN Dentures Removable replacements for missing teeth and surrounding tissues, available in full or partial sets. More About Dentures All on 4 Dental Implants A revolutionary system replacing an entire arch of teeth using just four implants, providing a fixed and full-arch prosthesis on the day of surgery. More About All on 4 Dental Emergency Immediate care and treatment for sudden dental issues, ranging from severe toothaches to traumatic injuries. MORE ABOUT EMERGENCIES Tooth Bonding A cosmetic procedure using tooth-colored resin to repair and improve the appearance of chipped, decayed, or discolored teeth. More About Bonding More Services Patient & Gallery Schedule a call back! Miami Dental group Locations Get in Touch! Miami Dental Group South Miami office Phone (305) 271-0160 Address 7755 SW 87th Ave STE 120, Miami, FL 33173 Hours Mon â Tue 8:30 AM â 6:00 PM Wednesday 7:30 AM â 4:00 PM Friday 8:30 AM â 1:00 PM Schedule Your App today! Miami Dental Group West Kendall Phone (305) 551-1309 Address 2648 SW 137th Ave, Miami, FL 33175 Hours Mon â Thur 9:00 AM â 7:00 PM Fr",200.0,,True,True,False,['wordpress']
Midtown Dental Miami,"3915 Biscayne Blvd Unit 306, Miami, FL 33137",(305) 598-6070,http://www.midtowndentalmiami.com/,4.2,160,Dentist,ChIJQzJHv1ex2YgRMdj_j6kkb0c,dentists in miami,"Miami Dentistry - Midtown Dental menu trigger menu trigger Mon, Tues, Thurs: 8-5 Wed: 10-7, Fri: 9-1, Sat: 8-12 305-598-6070 info@midtowndentalmiami.com Midtown Dental 3915 Biscayne Blvd. Suite 306, Miami About Us Meet The Team About Our Office Patient Reviews Healthy Living Newsletter Publications Membership Plan Patient Education Videos Patient Forms Smile Gallery Contact Us MIDTOWN DENTAL We proudly provide quality dental care to the community of Miami, FL and surrounding areas. Our featured services are Dental Implants, Veneers, Porcelain Crowns, Root Canals, Invisalign and much more. FINANCING MEMBERSHIP ACHIEVE YOUR BEAUTIFUL SMILE Midtown Dentalâs number one priority is our patientsâ well-being and to provide a comfortable experience during every visit. READ MORE REQUEST APPOINTMENT Experienced Staff Our team consists of dedicated individuals who are kind, friendly, and caring. LEARN MORE Quality Dental Care We provide the best and latest in dental technology and treatment options. LEARN MORE Patient Approved Read what great feedback our patients have to say about our staff and services. LEARN MORE Request Appointment Schedule your dental appointment today to see our team and Dr. John Nelson. Book Now Welcome to Midtown Dental We proudly provide quality dental care to the community of Miami, FL and surrounding areas. Our featured services are Dental Implants , Veneers , Porcelain Crowns , Root Canals , Invisalign and much more. We offer the most advanced technology in cosmetic and general dentistry. Our number one priority is our patientsâ well-being. We implement all the tools available to make sure you have a comfortable experience during your dental visit. If you are looking for a great dentist in Miami, call us today! Weâll be glad to hear from you if you have any questions. Thank you and see you soon! Miami Dentist John Nelson Dr. Nelson has been a dentist for years and has been through several post graduate courses in different fields of dentistry. His emphasis on patient comfort as well as keeping up-to-date with the latest advancements in dentistry enable him to provide his patients with the best quality of care in the field. Dr. Nelson has a wide range of experience in different areas of dentistry, from cosmetic and restorative dentistry to surgical treatments and root canal treatments. His approach to your treatment starts with patiently listening to you. Then, after a complete and thorough examination, he reviews and discusses the diagnosis and treatment options with you. Read More The best reference is a good word CLIENT TESTIMONIALS Kelly C. Dr. Nelson is a fantastic dentist. His staff is wonderful too. I hated going to the dentist before I discovered Midtown Dental. Now, I look forward to my dental visits. They even play fun music in the office. I cannot say enough good things about this office. If you are looking for a dentist you can trust with a friendly knowledgeable staff go to Midtown Dental. Pushpa G From the 1st phone call to schedule an appointment through to the post-appointment email follow ups, Iâm convinced Iâve found the best dentist Iâve ever had in any city. The staff is customer-oriented and their processes use the latest technology to be as efficient as possible. Plus Dr. Nelson and his staff took the time to clearly and simply explain what was causing the pain, recommended fixes, etc. Really great experience overall. Mohammad S Dr. Nelson extracted my two tooth which was broken in a recent car accident , being a stoke patient an on blood thinner, he was very professional as always and knowingly, I was in pain, he took care during the extraction. I highly recommend him and I have been his patient for last 10 yrs. Jana G I was given an appointment at short notice due to an emergency â I had a chipped tooth . Everything went better than expected , everyone was super nice and helpful , and Dr Nelson could not have been more professional and did an amazing job on my front tooth! Already sched",200.0,,True,True,False,['wordpress']
Allure Smile Center,"7725 NW 146th St, Miami Lakes, FL 33016",(305) 827-9148,https://www.alluresmilecenter.com/,4.9,625,Dentist,ChIJ89GXSSu72YgRTc06fOf0kdk,dentists in miami,"Welcome | Allure Smile Center - Dentist in Miami Lakes, FL Request an appointment 7725 N.W. 146th Street Miami Lakes, FL 33016 (305) 827-9148 Menu Home New Patients Appointment Request Services & Education Invisalign Veneers Dental Implants Implant Dentures (all on four) Crowns & Bridges Root Canal Treatment Wisdom Tooth Extraction About Our Office Doctors & Staff Our Doctors Hygienists Staff Invisalign Teeth Whitening Dental Implants Veneers Welcome to Our Practice Dentist, Miami-Dade, Hialeah & Miami Lakes, FL Welcome to Allure Smile Center , your experienced dentists in Miami Lakes. We pride ourselves in exceptional patient care, state-of-the-art equipment and a complete range of dental services. These are just a few of the reasons why our practice is recognized as one of the most professional and compassionate dental practices in Miami Lakes. Providing the highest level of care and customer service is the foundation of our practice. By staying abreast of the latest dental technologies and procedures, Allure Smile Center can provide advanced, personalized dental care for you and your family. You'll feel at ease with our friendly staff, EXPERIENCED dentist and comfortable office setting. New patients are always WELCOME! Dr. Taylor J. Cozad, Dr. Ana Maderal-Cozad and staff look forward to meeting you and being your lifelong partner in dental health. - ONLINE APPOINTMENT REQUEST - List of Services Our Location 7725 N.W. 146th Street Miami Lakes, FL 33016 (305) 827-9148 MAP & DIRECTIONS Services & Education Services & Education Online Appointment Request Allure Smile Center 7725 N.W. 146th Street Miami Lakes, FL 33016 Phone: (305) 827-9148 Contact For Pricing Options Copyright Â© 2026 MH Sub I, LLC dba Officite Admin Log In Site Map Privacy Policy Disclaimer",200.0,,True,True,False,[]
LP Dental & Cosmetic,"720 SW 58th Ct, Miami, FL 33144",(305) 266-0011,https://www.lpdentalandcosmetic.com/,4.9,425,Dentist,ChIJt-q6LTO42YgRoBE2S91u_gI,dentists in miami,"LP Dental & Cosmetic | Miami, FL | Cosmetic Dental Home About Us Meet Our Doctors Meet Our Team Community Outreach Technology Dental Services Cosmetic Dentistry Preventative Dentistry Restorative Dentistry Oral Surgery Periodontal Therapy Pediatric Dentistry Anesthesia-Free Dentistry Emergency Dentistry Snoring Treatment Cosmetic Services Skin Rejuvenation HydraFacial DualMax IPL HIFU Skin Tightening RF Microneedling Aesthetic Injectables BotoxÂź Dermal Fillers Patient Resources First Visit Finance & Insurance Membership Plan Smile Gallery Blog Contact 720 SW 58th CT, Miami, FL 33144 Call us today! (786) 321-3384 720 SW 58th CT, Miami, FL 33144 ÂĄAtenciĂłn Dental en EspaĂ±ol! LlĂĄmenos Hoy A black silhouette of a telephone on a white background. (786) 321-3384 Home About Us Meet Our Doctors Meet Our Team Community Outreach Technology Dental Services Cosmetic Dentistry Preventative Dentistry Restorative Dentistry Oral Surgery Periodontal Therapy Pediatric Dentistry Anesthesia-Free Dentistry Emergency Dentistry Snoring Treatment Cosmetic Services Skin Rejuvenation HydraFacial DualMax IPL HIFU Skin Tightening RF Microneedling Aesthetic Injectables BotoxÂź Dermal Fillers Patient Resources First Visit Finance & Insurance Membership Plan Smile Gallery Blog Contact Schedule Appointment Personalized Dental & Cosmetic Care for a Lifetime of Smiles Where beautiful smiles beginâand family values endure. At LP Dental & Cosmetic in Miami, we blend advanced dental technology with a warm, welcoming atmosphere to ensure your smile stays healthy and radiant. From preventive treatments to state-of-the-art cosmetic enhancements, our family-owned practice is dedicated to delivering exceptional results with a personal touch. We invite you to discover the difference of patient-centered care, where every visit feels like coming home. Schedule Appointment Welcome to LP Dental & Cosmetic At LP Dental & Cosmetic in Miami, our mission is to provide outstanding dental care in a modern, welcoming environment. Our experienced team blends cutting-edge technology with a personalized approach to deliver treatments that meet your unique needs. Whether you're here for preventive care, restorative treatments, or cosmetic enhancements, we are dedicated to helping you achieve a healthy, confident smile. What truly sets us apart is our family storyârooted in resilience, service, and the belief that everyone deserves compassionate, high-quality care. From providing mobile dental services to underserved communities in Puerto Rico, to establishing our practice in Miamiâs historic Calle Ocho, our journey reflects a commitment to innovation, inclusivity, and patient-centered care. Today, Dr. Liana Puig and her son, Dr. Daniel Linares, continue this legacy, ensuring every patient feels like part of our growing dental family. Your comfort and satisfaction remain our top priorities, and we are proud to build lasting relationships founded on trust, compassion, and excellence. We look forward to welcoming you into our family and helping you enjoy a lifetime of beautiful, healthy smiles. Learn More The Story Of Our Family Liana and Disael Graduate in Cuba (1992) Liana graduates from Dental School and Disael from Medical School at ISCM Villa Clara, Cuba, launching their healthcare careers. Emigration as âBalserosâ From Cuba (1994) Liana and Disael bravely leave Cuba as balseros amid the crisis following the Soviet Union's collapse, seeking new beginnings in the U.S. Daniel is Born in Miami (Late 1994) The family's first child, Daniel, is born in Miami shortly after their arrival, symbolizing their new life. Mobile Dental Clinic in Puerto Rico (1998â1999) Liana and Disael deliver dental care through mobile clinics, serving communities across Puerto Rico. Liana at University of Florida, Gainesville (1999â2001) Liana continues her dental training at the University of Florida College of Dentistry, advancing professionally. Gabrielâs Birth (Late 2002) Gabriel, the second son, is born jus",200.0,,True,True,False,[]
Super Dentist Miami,"1660 SW 1st St, Miami, FL 33135",(305) 642-8499,https://superdentistmiami.com/,4.9,296,Dentist,ChIJwyRMIXm32YgRWKinaI_2bm4,dentists in miami,"Super Dentist Miami â Dental treatments with zero pain guarantee and extraordinary results in the heart of Miami. Skip to content Holiday Special Offer â Limited Time Only! Dental Services Close Dental Services Open Dental Services General & Preventive Dentistry Dental Checkup Preventive Care & Cleanings Periodontal Treatment Cosmetic Dentistry Smile Makeover Smile Design Teeth Whitening Veneers Restorative Dentistry Oral Rehabilitation Dental Implants Crowns and Bridges Root Canal Treatment Emergency Dentistry Emergency Dentist Invisalign Invisalign Blog About Us Close About Us Open About Us About Us About Meet Our Team Our Team Dra. Mayelin Garcia Dr. Pablo Companioni Mayret Batista Ailen Lado Adianet Alvarez Contact (305) 642 8499 Expert Dental Care in Miami, FL From custom bridges and crowns to life-changing dental implants, we focus on advanced restorative care for long-term oral health. Compassionate service, modern technology, and real results â all under one roof. Form web (1) Company This field is for validation purposes and should be left unchanged. Name (Required) First Email (Required) Phone (Required) Select a Service (Required) Dental Checkup Dental Crowns & Bridges Dental Implants Dentures & Partial Dentures Teeth Xpress Full Mouth Reconstruction Dental Veneers & Laminates Lumineers Smile Makeover Snap-on Smile Teeth Whitening Invisalign Fastbraces Root Canal Treatment Laser Dentistry Smile Design Oral Rehabilitation Click here Click here Restorative & Implant Dentistry for Adults in Miami Your comfort and long-term oral health are our top priorities. We offer expert care in dental implants, crowns, bridges, and Invisalign â tailored for adults and seniors. Our Most Requested Dental Treatments explore our treatments Our most requested treatments are designed to restore function and confidence. Emergency Dental Care Prompt, expert treatment when pain or damage canât wait learn more Invisalign Clear aligners to straighten your teeth discreetly and comfortably learn more Root Canal Save natural teeth with gentle, effective treatment of deep infection learn more Rebuild Your Smile, Regain Your Confidence Missing or damaged teeth can affect how you eat, speak, and feel â every day. At Super Dentist Miami, we help adults of all ages restore function, comfort, and confidence through expert restorative dentistry. Whether youâre missing one tooth or need a full-mouth solution, we use digital planning, high-quality materials, and years of experience to rebuild your smile â safely and effectively. book appointment Experience, Innovation, and PatientâFocused Care Why Choose Super Dentist Miami 15+ years of dedicated dental care in the Miami community. Advanced technology Digital 3D imaging Laser dentistry Sedation options for comfort. Transparent pricing, flexible payment plans and most insurance accepted. Focused expertise in implant, crown, and bridge procedures Our commitment : excellent results, clear communication, and a warm patient experience from the moment you step in. Your Smile Deserves Experience and Attention If youâre looking for a dentist who listens, explains, and delivers lasting results â weâre here for you. Request an Appointment Local Dentist with World-Class Experience About Super Dentist Miami With over 15 years serving the Miami community, Super Dentist Miami is a full-service dental clinic focused on the specific needs of adult and senior patients. Our team provides restorative, cosmetic, and surgical care. From single crowns to full-arch restorations, we offer personalized solutions for lasting oral health. We welcome adults of all ages who are looking for a dental team that values precision, trust, and comfort. learn more Frequently Asked Questions Do you accept dental insurance in Miami? Yes â we accept most major dental insurance plans. Weâll verify your benefits and work to maximize your coverage so you receive high-quality care without unexpected cost. What payment options do you offer for dent",200.0,,True,True,False,['wordpress']
Miami Modern Dental,"7155 W Flagler St, Miami, FL 33144",(786) 338-9228,,4.9,171,Dentist,ChIJyTev2q252YgR3zyVoULZvB0,dentists in miami,,,"HTTPSConnectionPool(host='nan', port=443): Max retries exceeded with url: / (Caused by NameResolutionError(""HTTPSConnection(host='nan', port=443): Failed to resolve 'nan' ([Errno 11002] getaddrinfo failed)""))",False,False,False,[]
